TpcID,Topic
Tpc1,1600-1699
Tpc2,acculturation
Tpc3,Biographies
Tpc4,Children
Tpc5,Advertising
Tpc6,Art
Tpc7,African American
Tpc8,Age
Tpc9,Ambiguity
Tpc10,American Academy of Religion
Tpc11,Theology
Tpc12,Catholic Church
Tpc13,Anthropology
Tpc14,Antisemitism
Tpc15,Psychology
Tpc16,Authorities
Tpc17,Autobiographies
Tpc18,Baccalaureate addresses
Tpc19,Baptists
Tpc20,Literature
Tpc21,Bible
Tpc22,Bibliographies
Tpc23,Christianity
Tpc24,Butler
Tpc25,politics
Tpc26,Catechumens
Tpc27,China
Tpc28,Church
Tpc29,Clergy
Tpc30,Education
Tpc31,Community
Tpc32,Confession
Tpc33,Congregations
Tpc34,Economics
Tpc35,contact
Tpc36,Conversion
Tpc37,Sociology
Tpc38,Critical thinking
Tpc39,Criticisim
Tpc40,Philosophy
Tpc41,Cuba--Foreign opinion
Tpc42,Cuban Americans
Tpc43,Culture
Tpc44,Death
Tpc45,Debtor and creditor
Tpc46,Desire
Tpc47,Devotional objects
Tpc48,Discernment
Tpc49,Dominant other
Tpc50,Dominican Republic
Tpc51,Easter
Tpc52,Envy
Tpc53,ethnic identity
Tpc54,Evolution
Tpc55,Experience (Religion)
Tpc56,Faith
Tpc57,Family
Tpc58,Feminism
Tpc59,Forgiveness
Tpc60,"Freedom, Academic"
Tpc61,"Freud, Sigmund, 1856-1939"
Tpc62,Islam
Tpc63,gift exchange
Tpc64,God
Tpc65,Grace
Tpc66,Gratitude
Tpc67,Happiness
Tpc68,Hermeneutics
Tpc69,hierarcy
Tpc70,Hispanic Americans
Tpc71,Judaism
Tpc72,Sexuality
Tpc73,Human development
Tpc74,Identity
Tpc75,Idolatry
Tpc76,Mothers
Tpc77,inclusivity
Tpc78,Individualism
Tpc79,Interdisciplinarity
Tpc80,Interest and usury
Tpc81,Interpersonal relations
Tpc82,Intimate violence
Tpc83,Jesus
Tpc84,Ministry
Tpc85,"King, Richard, 1966-"
Tpc86,Language
Tpc87,Lent
Tpc88,"LEONARD, Bill J."
Tpc89,Liberalism
Tpc90,Listening
Tpc91,Liturgy
Tpc92,Loss
Tpc93,Love
Tpc94,Ludwig-Feuerbach
Tpc95,Marriage
Tpc96,Membership
Tpc97,Methodists
Tpc98,Modems
Tpc99,Science
Tpc100,Spirituality
Tpc101,1960s
Tpc102,Ethics
Tpc103,Older people
Tpc104,Open access
Tpc105,other(s)
Tpc106,Participation
Tpc107,Paschal mystery
Tpc108,Pastoral counseling--Methodology
Tpc109,Pastoral counseling--Theology
Tpc110,Perceptions
Tpc111,Play
Tpc112,Postcolonialism
Tpc113,Postmodernism
Tpc114,power
Tpc115,Presbyterians
Tpc116,prison
Tpc117,Prophetic office
Tpc118,prose
Tpc119,Puerto Rico
Tpc120,Race relations
Tpc121,Reconciliation
Tpc122,Recruitment
Tpc123,Religions
Tpc124,Religious Studies
Tpc125,representation
Tpc126,Rhetoric
Tpc127,Rural Areas
Tpc128,sacraments
Tpc129,Scarcity
Tpc130,Silvano Arieti
Tpc131,Slavery
Tpc132,Smuggling
Tpc133,Social action
Tpc134,Protestantism
Tpc135,Temptation
Tpc136,Tennessee
Tpc137,Terrorism
Tpc138,Thought and thinking
Tpc139,Transcendence
Tpc140,Trends
Tpc141,Vocation
Tpc142,Vulnerability
Tpc143,Wisdom
Tpc144,Work

